"avg_length_per_category_in_minutes","film_category","length","title","longer_shorter"
"111.6093750000000000","Action",113,"Amadeus Holy","Longer than average in this category"
"111.6093750000000000","Action",129,"American Circus","Longer than average in this category"
"111.6093750000000000","Action",168,"Antitrust Tomatoes","Longer than average in this category"
"111.6093750000000000","Action",68,"Ark Ridgemont","Shorter than average in this category"
"111.6093750000000000","Action",129,"Barefoot Manchurian","Longer than average in this category"
"111.6093750000000000","Action",77,"Berets Agent","Shorter than average in this category"
"111.6093750000000000","Action",56,"Bride Intrigue","Shorter than average in this category"
"111.6093750000000000","Action",125,"Bull Shawshank","Longer than average in this category"
"111.6093750000000000","Action",52,"Caddyshack Jedi","Shorter than average in this category"
"111.6093750000000000","Action",167,"Campus Remember","Longer than average in this category"
"111.6093750000000000","Action",179,"Casualties Encino","Longer than average in this category"
"111.6093750000000000","Action",110,"Celebrity Horn","Shorter than average in this category"
"111.6093750000000000","Action",95,"Clueless Bucket","Shorter than average in this category"
"111.6093750000000000","Action",104,"Crow Grease","Shorter than average in this category"
"111.6093750000000000","Action",58,"Dances None","Shorter than average in this category"
"111.6093750000000000","Action",130,"Darko Dorado","Longer than average in this category"
"111.6093750000000000","Action",185,"Darn Forrester","Longer than average in this category"
"111.6093750000000000","Action",87,"Devil Desire","Shorter than average in this category"
"111.6093750000000000","Action",170,"Dragon Squad","Longer than average in this category"
"111.6093750000000000","Action",135,"Dream Pickup","Longer than average in this category"
"111.6093750000000000","Action",61,"Drifter Commandments","Shorter than average in this category"
"111.6093750000000000","Action",148,"Easy Gladiator","Longer than average in this category"
"111.6093750000000000","Action",176,"Entrapment Satisfaction","Longer than average in this category"
"111.6093750000000000","Action",51,"Excitement Eve","Shorter than average in this category"
"111.6093750000000000","Action",58,"Fantasy Troopers","Shorter than average in this category"
"111.6093750000000000","Action",103,"Firehouse Vietnam","Shorter than average in this category"
"111.6093750000000000","Action",158,"Fool Mockingbird","Longer than average in this category"
"111.6093750000000000","Action",63,"Forrest Sons","Shorter than average in this category"
"111.6093750000000000","Action",103,"Glass Dying","Shorter than average in this category"
"111.6093750000000000","Action",129,"Gosford Donnie","Longer than average in this category"
"111.6093750000000000","Action",85,"Grail Frankenstein","Shorter than average in this category"
"111.6093750000000000","Action",108,"Handicap Boondock","Shorter than average in this category"
"111.6093750000000000","Action",93,"Hills Neighbors","Shorter than average in this category"
"111.6093750000000000","Action",141,"Kissing Dolls","Longer than average in this category"
"111.6093750000000000","Action",175,"Lawrence Love","Longer than average in this category"
"111.6093750000000000","Action",108,"Lord Arizona","Shorter than average in this category"
"111.6093750000000000","Action",52,"Lust Lock","Shorter than average in this category"
"111.6093750000000000","Action",171,"Magnolia Forrester","Longer than average in this category"
"111.6093750000000000","Action",86,"Midnight Westward","Shorter than average in this category"
"111.6093750000000000","Action",149,"Minds Truman","Longer than average in this category"
"111.6093750000000000","Action",60,"Mockingbird Hollywood","Shorter than average in this category"
"111.6093750000000000","Action",126,"Montezuma Command","Longer than average in this category"
"111.6093750000000000","Action",109,"Park Citizen","Shorter than average in this category"
"111.6093750000000000","Action",65,"Patriot Roman","Shorter than average in this category"
"111.6093750000000000","Action",53,"Primary Glass","Shorter than average in this category"
"111.6093750000000000","Action",177,"Quest Mussolini","Longer than average in this category"
"111.6093750000000000","Action",97,"Rear Trading","Shorter than average in this category"
"111.6093750000000000","Action",58,"Rings Heartbreakers","Shorter than average in this category"
"111.6093750000000000","Action",109,"Rugrats Shakespeare","Shorter than average in this category"
"111.6093750000000000","Action",139,"Shrunk Divine","Longer than average in this category"
"111.6093750000000000","Action",52,"Side Ark","Shorter than average in this category"
"111.6093750000000000","Action",132,"Sky Miracle","Longer than average in this category"
"111.6093750000000000","Action",143,"South Wait","Longer than average in this category"
"111.6093750000000000","Action",165,"Speakeasy Date","Longer than average in this category"
"111.6093750000000000","Action",112,"Stagecoach Armageddon","Longer than average in this category"
"111.6093750000000000","Action",163,"Story Side","Longer than average in this category"
"111.6093750000000000","Action",47,"Suspects Quills","Shorter than average in this category"
"111.6093750000000000","Action",64,"Trip Newton","Shorter than average in this category"
"111.6093750000000000","Action",92,"Truman Crazy","Shorter than average in this category"
"111.6093750000000000","Action",174,"Uprising Uptown","Longer than average in this category"
"111.6093750000000000","Action",61,"Waterfront Deliverance","Shorter than average in this category"
"111.6093750000000000","Action",79,"Werewolf Lola","Shorter than average in this category"
"111.6093750000000000","Action",126,"Women Dorado","Longer than average in this category"
"111.6093750000000000","Action",185,"Worst Banger","Longer than average in this category"
"111.0151515151515152","Animation",57,"Alter Victory","Shorter than average in this category"
"111.0151515151515152","Animation",92,"Anaconda Confessions","Shorter than average in this category"
"111.0151515151515152","Animation",127,"Argonauts Town","Longer than average in this category"
"111.0151515151515152","Animation",142,"Bikini Borrowers","Longer than average in this category"
"111.0151515151515152","Animation",85,"Blackout Private","Shorter than average in this category"
"111.0151515151515152","Animation",63,"Borrowers Bedazzled","Shorter than average in this category"
"111.0151515151515152","Animation",85,"Canyon Stock","Shorter than average in this category"
"111.0151515151515152","Animation",151,"Carol Texas","Longer than average in this category"
"111.0151515151515152","Animation",51,"Champion Flatliners","Shorter than average in this category"
"111.0151515151515152","Animation",81,"Clash Freddy","Shorter than average in this category"
"111.0151515151515152","Animation",65,"Club Graffiti","Shorter than average in this category"
"111.0151515151515152","Animation",153,"Crossroads Casualties","Longer than average in this category"
"111.0151515151515152","Animation",89,"Dares Pluto","Shorter than average in this category"
"111.0151515151515152","Animation",76,"Desire Alien","Shorter than average in this category"
"111.0151515151515152","Animation",122,"Dogma Family","Longer than average in this category"
"111.0151515151515152","Animation",125,"Donnie Alley","Longer than average in this category"
"111.0151515151515152","Animation",49,"Doors President","Shorter than average in this category"
"111.0151515151515152","Animation",177,"Double Wrath","Longer than average in this category"
"111.0151515151515152","Animation",116,"Duck Racer","Longer than average in this category"
"111.0151515151515152","Animation",96,"Early Home","Shorter than average in this category"
"111.0151515151515152","Animation",102,"Falcon Volume","Shorter than average in this category"
"111.0151515151515152","Animation",91,"Fight Jawbreaker","Shorter than average in this category"
"111.0151515151515152","Animation",145,"Floats Garden","Longer than average in this category"
"111.0151515151515152","Animation",69,"Flying Hook","Shorter than average in this category"
"111.0151515151515152","Animation",112,"Forrester Comancheros","Longer than average in this category"
"111.0151515151515152","Animation",185,"Gangs Pride","Longer than average in this category"
"111.0151515151515152","Animation",101,"Ghostbusters Elf","Shorter than average in this category"
"111.0151515151515152","Animation",52,"Harper Dying","Shorter than average in this category"
"111.0151515151515152","Animation",49,"Hook Chariots","Shorter than average in this category"
"111.0151515151515152","Animation",95,"Horn Working","Shorter than average in this category"
"111.0151515151515152","Animation",167,"Inch Jet","Longer than average in this category"
"111.0151515151515152","Animation",123,"Insects Stone","Longer than average in this category"
"111.0151515151515152","Animation",107,"Intentions Empire","Shorter than average in this category"
"111.0151515151515152","Animation",79,"Ishtar Rocketeer","Shorter than average in this category"
"111.0151515151515152","Animation",54,"Juggler Hardly","Shorter than average in this category"
"111.0151515151515152","Animation",181,"Lawless Vision","Longer than average in this category"
"111.0151515151515152","Animation",74,"Luke Mummy","Shorter than average in this category"
"111.0151515151515152","Animation",161,"Massage Image","Longer than average in this category"
"111.0151515151515152","Animation",147,"Menagerie Rushmore","Longer than average in this category"
"111.0151515151515152","Animation",162,"Miracle Virtual","Longer than average in this category"
"111.0151515151515152","Animation",164,"Mission Zoolander","Longer than average in this category"
"111.0151515151515152","Animation",180,"Nash Chocolat","Longer than average in this category"
"111.0151515151515152","Animation",115,"Oscar Gold","Longer than average in this category"
"111.0151515151515152","Animation",85,"Oz Liaisons","Shorter than average in this category"
"111.0151515151515152","Animation",84,"Packer Madigan","Shorter than average in this category"
"111.0151515151515152","Animation",185,"Pond Seattle","Longer than average in this category"
"111.0151515151515152","Animation",179,"Potluck Mixed","Longer than average in this category"
"111.0151515151515152","Animation",115,"Potter Connecticut","Longer than average in this category"
"111.0151515151515152","Animation",114,"Pride Alamo","Longer than average in this category"
"111.0151515151515152","Animation",100,"Punk Divorce","Shorter than average in this category"
"111.0151515151515152","Animation",60,"Room Roman","Shorter than average in this category"
"111.0151515151515152","Animation",64,"Sleepless Monsoon","Shorter than average in this category"
"111.0151515151515152","Animation",62,"Snowman Rollercoaster","Shorter than average in this category"
"111.0151515151515152","Animation",184,"Sons Interview","Longer than average in this category"
"111.0151515151515152","Animation",57,"Storm Happiness","Shorter than average in this category"
"111.0151515151515152","Animation",114,"Sugar Wonka","Longer than average in this category"
"111.0151515151515152","Animation",135,"Sunrise League","Longer than average in this category"
"111.0151515151515152","Animation",152,"Telemark Heartbreakers","Longer than average in this category"
"111.0151515151515152","Animation",184,"Theory Mermaid","Longer than average in this category"
"111.0151515151515152","Animation",135,"Thief Pelican","Longer than average in this category"
"111.0151515151515152","Animation",104,"Titanic Boondock","Shorter than average in this category"
"111.0151515151515152","Animation",142,"Tracy Cider","Longer than average in this category"
"111.0151515151515152","Animation",80,"Turn Star","Shorter than average in this category"
"111.0151515151515152","Animation",112,"Wait Cider","Longer than average in this category"
"111.0151515151515152","Animation",78,"Watch Tracy","Shorter than average in this category"
"111.0151515151515152","Animation",85,"Wonka Sea","Shorter than average in this category"
"109.8000000000000000","Children",118,"Backlash Undefeated","Longer than average in this category"
"109.8000000000000000","Children",160,"Bear Graceland","Longer than average in this category"
"109.8000000000000000","Children",53,"Beneath Rush","Shorter than average in this category"
"109.8000000000000000","Children",122,"Betrayed Rear","Longer than average in this category"
"109.8000000000000000","Children",53,"Cabin Flash","Shorter than average in this category"
"109.8000000000000000","Children",163,"Casper Dragonfly","Longer than average in this category"
"109.8000000000000000","Children",150,"Christmas Moonshine","Longer than average in this category"
"109.8000000000000000","Children",90,"Circus Youth","Shorter than average in this category"
"109.8000000000000000","Children",143,"Clockwork Paradise","Longer than average in this category"
"109.8000000000000000","Children",67,"Comancheros Enemy","Shorter than average in this category"
"109.8000000000000000","Children",143,"Crooked Frogmen","Longer than average in this category"
"109.8000000000000000","Children",59,"Daughter Madigan","Shorter than average in this category"
"109.8000000000000000","Children",57,"Doctor Grail","Shorter than average in this category"
"109.8000000000000000","Children",177,"Empire Malkovich","Longer than average in this category"
"109.8000000000000000","Children",130,"Fargo Gandhi","Longer than average in this category"
"109.8000000000000000","Children",131,"Forever Candidate","Longer than average in this category"
"109.8000000000000000","Children",94,"Full Flatliners","Shorter than average in this category"
"109.8000000000000000","Children",178,"Fury Murder","Longer than average in this category"
"109.8000000000000000","Children",85,"Ghost Groundhog","Shorter than average in this category"
"109.8000000000000000","Children",102,"Giant Troopers","Shorter than average in this category"
"109.8000000000000000","Children",108,"Gorgeous Bingo","Shorter than average in this category"
"109.8000000000000000","Children",156,"Graduate Lord","Longer than average in this category"
"109.8000000000000000","Children",51,"Hall Cassidy","Shorter than average in this category"
"109.8000000000000000","Children",59,"Heartbreakers Bright","Shorter than average in this category"
"109.8000000000000000","Children",69,"Hollywood Anonymous","Shorter than average in this category"
"109.8000000000000000","Children",149,"Holocaust Highball","Longer than average in this category"
"109.8000000000000000","Children",84,"Idols Snatchers","Shorter than average in this category"
"109.8000000000000000","Children",97,"Invasion Cyclone","Shorter than average in this category"
"109.8000000000000000","Children",60,"Jersey Sassy","Shorter than average in this category"
"109.8000000000000000","Children",74,"Jumping Wrath","Shorter than average in this category"
"109.8000000000000000","Children",46,"Labyrinth League","Shorter than average in this category"
"109.8000000000000000","Children",78,"Language Cowboy","Shorter than average in this category"
"109.8000000000000000","Children",113,"Legally Secretary","Longer than average in this category"
"109.8000000000000000","Children",117,"Magic Mallrats","Longer than average in this category"
"109.8000000000000000","Children",136,"Maker Gables","Longer than average in this category"
"109.8000000000000000","Children",105,"Microcosmos Paradise","Shorter than average in this category"
"109.8000000000000000","Children",175,"Model Fish","Longer than average in this category"
"109.8000000000000000","Children",166,"Murder Antitrust","Longer than average in this category"
"109.8000000000000000","Children",57,"Noon Papi","Shorter than average in this category"
"109.8000000000000000","Children",61,"Polish Brooklyn","Shorter than average in this category"
"109.8000000000000000","Children",102,"Robbers Joon","Shorter than average in this category"
"109.8000000000000000","Children",99,"Sabrina Midnight","Shorter than average in this category"
"109.8000000000000000","Children",154,"Santa Paris","Longer than average in this category"
"109.8000000000000000","Children",102,"Scarface Bang","Shorter than average in this category"
"109.8000000000000000","Children",113,"Shepherd Midsummer","Longer than average in this category"
"109.8000000000000000","Children",152,"Sister Freddy","Longer than average in this category"
"109.8000000000000000","Children",134,"Splendor Patton","Longer than average in this category"
"109.8000000000000000","Children",103,"Strangelove Desire","Shorter than average in this category"
"109.8000000000000000","Children",139,"Stranger Strangers","Longer than average in this category"
"109.8000000000000000","Children",92,"Sundance Invasion","Shorter than average in this category"
"109.8000000000000000","Children",108,"Sweethearts Suspects","Shorter than average in this category"
"109.8000000000000000","Children",53,"Tequila Past","Shorter than average in this category"
"109.8000000000000000","Children",111,"Ties Hunger","Longer than average in this category"
"109.8000000000000000","Children",157,"Tootsie Pilot","Longer than average in this category"
"109.8000000000000000","Children",152,"Twisted Pirates","Longer than average in this category"
"109.8000000000000000","Children",84,"Uptown Young","Shorter than average in this category"
"109.8000000000000000","Children",135,"Walls Artist","Longer than average in this category"
"109.8000000000000000","Children",83,"Warlock Werewolf","Shorter than average in this category"
"109.8000000000000000","Children",178,"Wrong Behavior","Longer than average in this category"
"109.8000000000000000","Children",101,"Zoolander Fiction","Shorter than average in this category"
"111.6666666666666667","Classics",94,"Alice Fantasia","Shorter than average in this category"
"111.6666666666666667","Classics",121,"Arizona Bang","Longer than average in this category"
"111.6666666666666667","Classics",89,"Beast Hunchback","Shorter than average in this category"
"111.6666666666666667","Classics",98,"Bound Cheaper","Shorter than average in this category"
"111.6666666666666667","Classics",70,"Candidate Perdition","Shorter than average in this category"
"111.6666666666666667","Classics",152,"Center Dinosaur","Longer than average in this category"
"111.6666666666666667","Classics",149,"Color Philadelphia","Longer than average in this category"
"111.6666666666666667","Classics",184,"Conspiracy Spirit","Longer than average in this category"
"111.6666666666666667","Classics",92,"Core Suit","Shorter than average in this category"
"111.6666666666666667","Classics",172,"Creepers Kane","Longer than average in this category"
"111.6666666666666667","Classics",69,"Cruelty Unforgiven","Shorter than average in this category"
"111.6666666666666667","Classics",143,"Detective Vision","Longer than average in this category"
"111.6666666666666667","Classics",176,"Dracula Crystal","Longer than average in this category"
"111.6666666666666667","Classics",141,"Dynamite Tarzan","Longer than average in this category"
"111.6666666666666667","Classics",122,"Extraordinary Conquerer","Longer than average in this category"
"111.6666666666666667","Classics",82,"Frost Head","Shorter than average in this category"
"111.6666666666666667","Classics",128,"Galaxy Sweethearts","Longer than average in this category"
"111.6666666666666667","Classics",114,"Gilbert Pelican","Longer than average in this category"
"111.6666666666666667","Classics",163,"Gilmore Boiled","Longer than average in this category"
"111.6666666666666667","Classics",88,"Holy Tadpole","Shorter than average in this category"
"111.6666666666666667","Classics",139,"Hope Tootsie","Longer than average in this category"
"111.6666666666666667","Classics",100,"Hyde Doctor","Shorter than average in this category"
"111.6666666666666667","Classics",46,"Iron Moon","Shorter than average in this category"
"111.6666666666666667","Classics",84,"Island Exorcist","Shorter than average in this category"
"111.6666666666666667","Classics",84,"Jeepers Wedding","Shorter than average in this category"
"111.6666666666666667","Classics",102,"Jeopardy Encino","Shorter than average in this category"
"111.6666666666666667","Classics",172,"Jerk Paycheck","Longer than average in this category"
"111.6666666666666667","Classics",124,"Jingle Sagebrush","Longer than average in this category"
"111.6666666666666667","Classics",110,"League Hellfighters","Shorter than average in this category"
"111.6666666666666667","Classics",174,"Lights Deer","Longer than average in this category"
"111.6666666666666667","Classics",140,"Loathing Legally","Longer than average in this category"
"111.6666666666666667","Classics",65,"Lovely Jingle","Shorter than average in this category"
"111.6666666666666667","Classics",75,"Lover Truman","Shorter than average in this category"
"111.6666666666666667","Classics",53,"Magnificent Chitty","Shorter than average in this category"
"111.6666666666666667","Classics",159,"Malkovich Pet","Longer than average in this category"
"111.6666666666666667","Classics",142,"Million Ace","Longer than average in this category"
"111.6666666666666667","Classics",73,"Musketeers Wait","Shorter than average in this category"
"111.6666666666666667","Classics",54,"October Submarine","Shorter than average in this category"
"111.6666666666666667","Classics",126,"Pajama Jawbreaker","Longer than average in this category"
"111.6666666666666667","Classics",99,"Patient Sister","Shorter than average in this category"
"111.6666666666666667","Classics",98,"Prejudice Oleander","Shorter than average in this category"
"111.6666666666666667","Classics",167,"Requiem Tycoon","Longer than average in this category"
"111.6666666666666667","Classics",153,"Right Cranes","Longer than average in this category"
"111.6666666666666667","Classics",89,"Roots Remember","Shorter than average in this category"
"111.6666666666666667","Classics",84,"Sling Luke","Shorter than average in this category"
"111.6666666666666667","Classics",74,"Snatchers Montezuma","Shorter than average in this category"
"111.6666666666666667","Classics",79,"Spiking Element","Shorter than average in this category"
"111.6666666666666667","Classics",143,"Steel Santa","Longer than average in this category"
"111.6666666666666667","Classics",53,"Summer Scarface","Shorter than average in this category"
"111.6666666666666667","Classics",155,"Tadpole Park","Longer than average in this category"
"111.6666666666666667","Classics",69,"Timberland Sky","Shorter than average in this category"
"111.6666666666666667","Classics",142,"Tomorrow Hustler","Longer than average in this category"
"111.6666666666666667","Classics",144,"Towers Hurricane","Longer than average in this category"
"111.6666666666666667","Classics",132,"Volume House","Longer than average in this category"
"111.6666666666666667","Classics",78,"Voyage Legally","Shorter than average in this category"
"111.6666666666666667","Classics",85,"Wasteland Divine","Shorter than average in this category"
"111.6666666666666667","Classics",52,"Westward Seabiscuit","Shorter than average in this category"
"115.8275862068965517","Comedy",62,"Airplane Sierra","Shorter than average in this category"
"115.8275862068965517","Comedy",91,"Anthem Luke","Shorter than average in this category"
"115.8275862068965517","Comedy",136,"Bringing Hysterical","Longer than average in this category"
"115.8275862068965517","Comedy",176,"Caper Motions","Longer than average in this category"
"115.8275862068965517","Comedy",112,"Cat Coneheads","Shorter than average in this category"
"115.8275862068965517","Comedy",58,"Closer Bang","Shorter than average in this category"
"115.8275862068965517","Comedy",115,"Connection Microcosmos","Shorter than average in this category"
"115.8275862068965517","Comedy",185,"Control Anthem","Longer than average in this category"
"115.8275862068965517","Comedy",136,"Crazy Home","Longer than average in this category"
"115.8275862068965517","Comedy",161,"Daddy Pittsburgh","Longer than average in this category"
"115.8275862068965517","Comedy",68,"Doom Dancing","Shorter than average in this category"
"115.8275862068965517","Comedy",47,"Downhill Enough","Shorter than average in this category"
"115.8275862068965517","Comedy",168,"Dying Maker","Longer than average in this category"
"115.8275862068965517","Comedy",115,"Element Freddy","Shorter than average in this category"
"115.8275862068965517","Comedy",142,"Ferris Mother","Longer than average in this category"
"115.8275862068965517","Comedy",148,"Fireball Philadelphia","Longer than average in this category"
"115.8275862068965517","Comedy",148,"Flintstones Happiness","Longer than average in this category"
"115.8275862068965517","Comedy",159,"Frankenstein Stranger","Longer than average in this category"
"115.8275862068965517","Comedy",133,"Freedom Cleopatra","Longer than average in this category"
"115.8275862068965517","Comedy",154,"Gold River","Longer than average in this category"
"115.8275862068965517","Comedy",139,"Groundhog Uncut","Longer than average in this category"
"115.8275862068965517","Comedy",70,"Gunfight Moon","Shorter than average in this category"
"115.8275862068965517","Comedy",107,"Hate Handicap","Shorter than average in this category"
"115.8275862068965517","Comedy",48,"Heaven Freedom","Shorter than average in this category"
"115.8275862068965517","Comedy",169,"Hedwig Alter","Longer than average in this category"
"115.8275862068965517","Comedy",49,"Hurricane Affair","Shorter than average in this category"
"115.8275862068965517","Comedy",83,"Hustler Party","Shorter than average in this category"
"115.8275862068965517","Comedy",112,"Jaws Harry","Shorter than average in this category"
"115.8275862068965517","Comedy",71,"Knock Warlock","Shorter than average in this category"
"115.8275862068965517","Comedy",137,"Life Twisted","Longer than average in this category"
"115.8275862068965517","Comedy",50,"Lion Uncut","Shorter than average in this category"
"115.8275862068965517","Comedy",67,"Lonely Elephant","Shorter than average in this category"
"115.8275862068965517","Comedy",133,"Mallrats United","Longer than average in this category"
"115.8275862068965517","Comedy",77,"Memento Zoolander","Shorter than average in this category"
"115.8275862068965517","Comedy",160,"Mulan Moon","Longer than average in this category"
"115.8275862068965517","Comedy",92,"Mystic Truman","Shorter than average in this category"
"115.8275862068965517","Comedy",156,"Operation Operation","Longer than average in this category"
"115.8275862068965517","Comedy",48,"Paradise Sabrina","Shorter than average in this category"
"115.8275862068965517","Comedy",107,"Party Knock","Shorter than average in this category"
"115.8275862068965517","Comedy",82,"Perfect Groove","Shorter than average in this category"
"115.8275862068965517","Comedy",103,"Pinocchio Simon","Shorter than average in this category"
"115.8275862068965517","Comedy",121,"Pure Runner","Longer than average in this category"
"115.8275862068965517","Comedy",150,"Rushmore Mermaid","Longer than average in this category"
"115.8275862068965517","Comedy",80,"Saddle Antitrust","Shorter than average in this category"
"115.8275862068965517","Comedy",182,"Saturn Name","Longer than average in this category"
"115.8275862068965517","Comedy",182,"Searchers Wait","Longer than average in this category"
"115.8275862068965517","Comedy",110,"Snatch Slipper","Shorter than average in this category"
"115.8275862068965517","Comedy",85,"Stage World","Shorter than average in this category"
"115.8275862068965517","Comedy",144,"Strictly Scarface","Longer than average in this category"
"115.8275862068965517","Comedy",127,"Submarine Bed","Longer than average in this category"
"115.8275862068965517","Comedy",176,"Sweden Shining","Longer than average in this category"
"115.8275862068965517","Comedy",132,"Trainspotting Strangers","Longer than average in this category"
"115.8275862068965517","Comedy",171,"Tramp Others","Longer than average in this category"
"115.8275862068965517","Comedy",73,"Valley Packer","Shorter than average in this category"
"115.8275862068965517","Comedy",173,"Velvet Terminator","Longer than average in this category"
"115.8275862068965517","Comedy",90,"Vertigo Northwest","Shorter than average in this category"
"115.8275862068965517","Comedy",98,"Wisdom Worker","Shorter than average in this category"
"115.8275862068965517","Comedy",50,"Zorro Ark","Shorter than average in this category"
"108.7500000000000000","Documentary",86,"Academy Dinosaur","Shorter than average in this category"
"108.7500000000000000","Documentary",50,"Adaptation Holes","Shorter than average in this category"
"108.7500000000000000","Documentary",148,"Army Flintstones","Longer than average in this category"
"108.7500000000000000","Documentary",122,"Beach Heartbreakers","Longer than average in this category"
"108.7500000000000000","Documentary",106,"Bed Highball","Shorter than average in this category"
"108.7500000000000000","Documentary",93,"Bill Others","Shorter than average in this category"
"108.7500000000000000","Documentary",63,"Bonnie Holocaust","Shorter than average in this category"
"108.7500000000000000","Documentary",73,"Brotherhood Blanket","Shorter than average in this category"
"108.7500000000000000","Documentary",179,"Cause Date","Longer than average in this category"
"108.7500000000000000","Documentary",122,"Chicken Hellfighters","Longer than average in this category"
"108.7500000000000000","Documentary",101,"Cider Desire","Shorter than average in this category"
"108.7500000000000000","Documentary",164,"Clerks Angels","Longer than average in this category"
"108.7500000000000000","Documentary",55,"Coast Rainbow","Shorter than average in this category"
"108.7500000000000000","Documentary",56,"Cupboard Sinners","Shorter than average in this category"
"108.7500000000000000","Documentary",144,"Dancing Fever","Longer than average in this category"
"108.7500000000000000","Documentary",51,"Deep Crusade","Shorter than average in this category"
"108.7500000000000000","Documentary",100,"Deliverance Mulholland","Shorter than average in this category"
"108.7500000000000000","Documentary",177,"Dozen Lion","Longer than average in this category"
"108.7500000000000000","Documentary",171,"Duffel Apocalypse","Longer than average in this category"
"108.7500000000000000","Documentary",67,"Egg Igby","Shorter than average in this category"
"108.7500000000000000","Documentary",97,"Expendable Stallion","Shorter than average in this category"
"108.7500000000000000","Documentary",99,"French Holiday","Shorter than average in this category"
"108.7500000000000000","Documentary",47,"Halloween Nuts","Shorter than average in this category"
"108.7500000000000000","Documentary",72,"Hardly Robbers","Shorter than average in this category"
"108.7500000000000000","Documentary",47,"Hawk Chill","Shorter than average in this category"
"108.7500000000000000","Documentary",102,"Heavyweights Beast","Shorter than average in this category"
"108.7500000000000000","Documentary",103,"Homeward Cider","Shorter than average in this category"
"108.7500000000000000","Documentary",125,"Hunter Alter","Longer than average in this category"
"108.7500000000000000","Documentary",157,"Independence Hotel","Longer than average in this category"
"108.7500000000000000","Documentary",63,"Intolerable Intentions","Shorter than average in this category"
"108.7500000000000000","Documentary",54,"Kill Brotherhood","Shorter than average in this category"
"108.7500000000000000","Documentary",147,"Madison Trap","Longer than average in this category"
"108.7500000000000000","Documentary",130,"Majestic Floats","Longer than average in this category"
"108.7500000000000000","Documentary",161,"Metal Armageddon","Longer than average in this category"
"108.7500000000000000","Documentary",48,"Midsummer Groundhog","Shorter than average in this category"
"108.7500000000000000","Documentary",122,"Mighty Luck","Longer than average in this category"
"108.7500000000000000","Documentary",77,"Mod Secretary","Shorter than average in this category"
"108.7500000000000000","Documentary",74,"Modern Dorado","Shorter than average in this category"
"108.7500000000000000","Documentary",92,"National Story","Shorter than average in this category"
"108.7500000000000000","Documentary",159,"Newsies Story","Longer than average in this category"
"108.7500000000000000","Documentary",67,"North Tequila","Shorter than average in this category"
"108.7500000000000000","Documentary",128,"Notorious Reunion","Longer than average in this category"
"108.7500000000000000","Documentary",144,"Pacific Amistad","Longer than average in this category"
"108.7500000000000000","Documentary",48,"Pelican Comforts","Shorter than average in this category"
"108.7500000000000000","Documentary",138,"Pocus Pulp","Longer than average in this category"
"108.7500000000000000","Documentary",71,"Princess Giant","Shorter than average in this category"
"108.7500000000000000","Documentary",112,"Quills Bull","Longer than average in this category"
"108.7500000000000000","Documentary",82,"Raiders Antitrust","Shorter than average in this category"
"108.7500000000000000","Documentary",74,"Rainbow Shock","Shorter than average in this category"
"108.7500000000000000","Documentary",158,"Road Roxanne","Longer than average in this category"
"108.7500000000000000","Documentary",106,"Sagebrush Clueless","Shorter than average in this category"
"108.7500000000000000","Documentary",90,"Secret Groundhog","Shorter than average in this category"
"108.7500000000000000","Documentary",104,"Ship Wonderland","Shorter than average in this category"
"108.7500000000000000","Documentary",167,"Show Lord","Longer than average in this category"
"108.7500000000000000","Documentary",50,"Smoking Barbarella","Shorter than average in this category"
"108.7500000000000000","Documentary",151,"Spoilers Hellfighters","Longer than average in this category"
"108.7500000000000000","Documentary",132,"Streak Ridgemont","Longer than average in this category"
"108.7500000000000000","Documentary",53,"Thin Sagebrush","Shorter than average in this category"
"108.7500000000000000","Documentary",164,"United Pilot","Longer than average in this category"
"108.7500000000000000","Documentary",120,"Untouchables Sunrise","Longer than average in this category"
"108.7500000000000000","Documentary",76,"Villain Desperate","Shorter than average in this category"
"108.7500000000000000","Documentary",164,"Virginian Pluto","Longer than average in this category"
"108.7500000000000000","Documentary",152,"Wagon Jaws","Longer than average in this category"
"108.7500000000000000","Documentary",128,"Wars Pluto","Longer than average in this category"
"108.7500000000000000","Documentary",70,"Wedding Apollo","Shorter than average in this category"
"108.7500000000000000","Documentary",183,"Wife Turn","Longer than average in this category"
"108.7500000000000000","Documentary",176,"Wrath Mile","Longer than average in this category"
"108.7500000000000000","Documentary",183,"Young Language","Longer than average in this category"
"120.8387096774193548","Drama",153,"Apollo Teen","Longer than average in this category"
"120.8387096774193548","Drama",175,"Beauty Grease","Longer than average in this category"
"120.8387096774193548","Drama",151,"Beethoven Exorcist","Longer than average in this category"
"120.8387096774193548","Drama",114,"Blade Polish","Shorter than average in this category"
"120.8387096774193548","Drama",73,"Bright Encounters","Shorter than average in this category"
"120.8387096774193548","Drama",63,"Bunch Minds","Shorter than average in this category"
"120.8387096774193548","Drama",142,"Chill Luck","Longer than average in this category"
"120.8387096774193548","Drama",107,"Chitty Lock","Shorter than average in this category"
"120.8387096774193548","Drama",112,"Coneheads Smoochy","Shorter than average in this category"
"120.8387096774193548","Drama",65,"Confessions Maguire","Shorter than average in this category"
"120.8387096774193548","Drama",173,"Conquerer Nuts","Longer than average in this category"
"120.8387096774193548","Drama",64,"Craft Outfield","Shorter than average in this category"
"120.8387096774193548","Drama",106,"Dalmations Sweden","Shorter than average in this category"
"120.8387096774193548","Drama",99,"Darkness War","Shorter than average in this category"
"120.8387096774193548","Drama",122,"Deceiver Betrayed","Longer than average in this category"
"120.8387096774193548","Drama",76,"Destination Jerk","Shorter than average in this category"
"120.8387096774193548","Drama",107,"Diary Panic","Shorter than average in this category"
"120.8387096774193548","Drama",153,"Edge Kissing","Longer than average in this category"
"120.8387096774193548","Drama",92,"Encounters Curtain","Shorter than average in this category"
"120.8387096774193548","Drama",93,"Goldfinger Sensibility","Shorter than average in this category"
"120.8387096774193548","Drama",84,"Gone Trouble","Shorter than average in this category"
"120.8387096774193548","Drama",166,"Greedy Roots","Longer than average in this category"
"120.8387096774193548","Drama",62,"Hanging Deep","Shorter than average in this category"
"120.8387096774193548","Drama",168,"Harold French","Longer than average in this category"
"120.8387096774193548","Drama",121,"Harry Idaho","Longer than average in this category"
"120.8387096774193548","Drama",157,"Hobbit Alien","Longer than average in this category"
"120.8387096774193548","Drama",151,"Hunchback Impossible","Longer than average in this category"
"120.8387096774193548","Drama",181,"Jacket Frisco","Longer than average in this category"
"120.8387096774193548","Drama",46,"Kwai Homeward","Shorter than average in this category"
"120.8387096774193548","Drama",69,"Lebowski Soldiers","Shorter than average in this category"
"120.8387096774193548","Drama",147,"Lies Treatment","Longer than average in this category"
"120.8387096774193548","Drama",152,"Luck Opus","Longer than average in this category"
"120.8387096774193548","Drama",105,"Mob Duffel","Shorter than average in this category"
"120.8387096774193548","Drama",132,"Necklace Outbreak","Longer than average in this category"
"120.8387096774193548","Drama",48,"Notting Speakeasy","Shorter than average in this category"
"120.8387096774193548","Drama",118,"Orient Closer","Shorter than average in this category"
"120.8387096774193548","Drama",118,"Paths Control","Shorter than average in this category"
"120.8387096774193548","Drama",145,"Paycheck Wait","Longer than average in this category"
"120.8387096774193548","Drama",60,"Pity Bound","Shorter than average in this category"
"120.8387096774193548","Drama",163,"Queen Luke","Longer than average in this category"
"120.8387096774193548","Drama",147,"Racer Egg","Longer than average in this category"
"120.8387096774193548","Drama",63,"Reunion Witches","Shorter than average in this category"
"120.8387096774193548","Drama",145,"Rocky War","Longer than average in this category"
"120.8387096774193548","Drama",125,"Saints Bride","Longer than average in this category"
"120.8387096774193548","Drama",84,"Savannah Town","Shorter than average in this category"
"120.8387096774193548","Drama",137,"Scorpion Apollo","Longer than average in this category"
"120.8387096774193548","Drama",80,"Sea Virgin","Shorter than average in this category"
"120.8387096774193548","Drama",110,"Seattle Expecations","Shorter than average in this category"
"120.8387096774193548","Drama",67,"Shootist Superfly","Shorter than average in this category"
"120.8387096774193548","Drama",179,"Slacker Liaisons","Longer than average in this category"
"120.8387096774193548","Drama",180,"Something Duck","Longer than average in this category"
"120.8387096774193548","Drama",141,"Spice Sorority","Longer than average in this category"
"120.8387096774193548","Drama",99,"Tenenbaums Command","Shorter than average in this category"
"120.8387096774193548","Drama",179,"Torque Bound","Longer than average in this category"
"120.8387096774193548","Drama",168,"Translation Summer","Longer than average in this category"
"120.8387096774193548","Drama",87,"Treatment Jekyll","Shorter than average in this category"
"120.8387096774193548","Drama",78,"Unfaithful Kill","Shorter than average in this category"
"120.8387096774193548","Drama",174,"Vietnam Smoochy","Longer than average in this category"
"120.8387096774193548","Drama",179,"Virgin Daisy","Longer than average in this category"
"120.8387096774193548","Drama",178,"Wardrobe Phantom","Longer than average in this category"
"120.8387096774193548","Drama",159,"West Lion","Longer than average in this category"
"120.8387096774193548","Drama",100,"Witches Panic","Shorter than average in this category"
"114.7826086956521739","Family",130,"African Egg","Longer than average in this category"
"114.7826086956521739","Family",92,"Apache Divine","Shorter than average in this category"
"114.7826086956521739","Family",170,"Atlantis Cause","Longer than average in this category"
"114.7826086956521739","Family",182,"Baked Cleopatra","Longer than average in this category"
"114.7826086956521739","Family",87,"Bang Kwai","Shorter than average in this category"
"114.7826086956521739","Family",73,"Bedazzled Married","Shorter than average in this category"
"114.7826086956521739","Family",100,"Bilko Anonymous","Shorter than average in this category"
"114.7826086956521739","Family",148,"Blanket Beverly","Longer than average in this category"
"114.7826086956521739","Family",71,"Blood Argonauts","Shorter than average in this category"
"114.7826086956521739","Family",50,"Blues Instinct","Shorter than average in this category"
"114.7826086956521739","Family",176,"Braveheart Human","Longer than average in this category"
"114.7826086956521739","Family",114,"Chasing Fight","Shorter than average in this category"
"114.7826086956521739","Family",124,"Chisum Behavior","Longer than average in this category"
"114.7826086956521739","Family",101,"Chocolat Harry","Shorter than average in this category"
"114.7826086956521739","Family",122,"Confused Candles","Longer than average in this category"
"114.7826086956521739","Family",112,"Conversation Downhill","Shorter than average in this category"
"114.7826086956521739","Family",104,"Date Speed","Shorter than average in this category"
"114.7826086956521739","Family",63,"Dinosaur Secretary","Shorter than average in this category"
"114.7826086956521739","Family",119,"Dumbo Lust","Longer than average in this category"
"114.7826086956521739","Family",98,"Earring Instinct","Shorter than average in this category"
"114.7826086956521739","Family",107,"Effect Gladiator","Shorter than average in this category"
"114.7826086956521739","Family",98,"Feud Frogmen","Shorter than average in this category"
"114.7826086956521739","Family",156,"Finding Anaconda","Longer than average in this category"
"114.7826086956521739","Family",161,"Gables Metropolis","Longer than average in this category"
"114.7826086956521739","Family",86,"Gandhi Kwai","Shorter than average in this category"
"114.7826086956521739","Family",173,"Gladiator Westward","Longer than average in this category"
"114.7826086956521739","Family",135,"Grease Youth","Longer than average in this category"
"114.7826086956521739","Family",146,"Half Outfield","Longer than average in this category"
"114.7826086956521739","Family",141,"Hocus Frida","Longer than average in this category"
"114.7826086956521739","Family",141,"Homicide Peach","Longer than average in this category"
"114.7826086956521739","Family",109,"House Dynamite","Shorter than average in this category"
"114.7826086956521739","Family",65,"Hunting Musketeers","Shorter than average in this category"
"114.7826086956521739","Family",135,"Indian Love","Longer than average in this category"
"114.7826086956521739","Family",130,"Jason Trap","Longer than average in this category"
"114.7826086956521739","Family",128,"Jedi Beneath","Longer than average in this category"
"114.7826086956521739","Family",161,"Killer Innocent","Longer than average in this category"
"114.7826086956521739","Family",184,"King Evolution","Longer than average in this category"
"114.7826086956521739","Family",155,"Lolita World","Longer than average in this category"
"114.7826086956521739","Family",70,"Louisiana Harry","Shorter than average in this category"
"114.7826086956521739","Family",74,"Maguire Apache","Shorter than average in this category"
"114.7826086956521739","Family",177,"Manchurian Curtain","Longer than average in this category"
"114.7826086956521739","Family",53,"Movie Shakespeare","Shorter than average in this category"
"114.7826086956521739","Family",129,"Music Boondock","Longer than average in this category"
"114.7826086956521739","Family",50,"Natural Stock","Shorter than average in this category"
"114.7826086956521739","Family",75,"Network Peak","Shorter than average in this category"
"114.7826086956521739","Family",48,"Odds Boogie","Shorter than average in this category"
"114.7826086956521739","Family",92,"Opposite Necklace","Shorter than average in this category"
"114.7826086956521739","Family",50,"Pilot Hoosiers","Shorter than average in this category"
"114.7826086956521739","Family",134,"Pittsburgh Hunchback","Longer than average in this category"
"114.7826086956521739","Family",144,"President Bang","Longer than average in this category"
"114.7826086956521739","Family",115,"Prix Undefeated","Longer than average in this category"
"114.7826086956521739","Family",120,"Rage Games","Longer than average in this category"
"114.7826086956521739","Family",147,"Range Moonwalker","Longer than average in this category"
"114.7826086956521739","Family",110,"Remember Diary","Shorter than average in this category"
"114.7826086956521739","Family",117,"Resurrection Silverado","Longer than average in this category"
"114.7826086956521739","Family",134,"Robbery Bright","Longer than average in this category"
"114.7826086956521739","Family",48,"Rush Goodfellas","Shorter than average in this category"
"114.7826086956521739","Family",109,"Secrets Paradise","Shorter than average in this category"
"114.7826086956521739","Family",98,"Sensibility Rear","Shorter than average in this category"
"114.7826086956521739","Family",111,"Siege Madre","Shorter than average in this category"
"114.7826086956521739","Family",147,"Slums Duck","Longer than average in this category"
"114.7826086956521739","Family",169,"Soup Wisdom","Longer than average in this category"
"114.7826086956521739","Family",52,"Spartacus Cheaper","Shorter than average in this category"
"114.7826086956521739","Family",138,"Spinal Rocky","Longer than average in this category"
"114.7826086956521739","Family",175,"Splash Gump","Longer than average in this category"
"114.7826086956521739","Family",48,"Sunset Racer","Shorter than average in this category"
"114.7826086956521739","Family",58,"Super Wyoming","Shorter than average in this category"
"114.7826086956521739","Family",144,"Virtual Spoilers","Longer than average in this category"
"114.7826086956521739","Family",137,"Willow Tracy","Longer than average in this category"
"121.6986301369863014","Foreign",169,"Agent Truman","Longer than average in this category"
"121.6986301369863014","Foreign",126,"Alamo Videotape","Longer than average in this category"
"121.6986301369863014","Foreign",46,"Alien Center","Shorter than average in this category"
"121.6986301369863014","Foreign",180,"Alley Evolution","Longer than average in this category"
"121.6986301369863014","Foreign",153,"Baby Hall","Longer than average in this category"
"121.6986301369863014","Foreign",173,"Ballroom Mockingbird","Longer than average in this category"
"121.6986301369863014","Foreign",161,"Brooklyn Desert","Longer than average in this category"
"121.6986301369863014","Foreign",119,"Bugsy Song","Shorter than average in this category"
"121.6986301369863014","Foreign",120,"Calendar Gunfight","Shorter than average in this category"
"121.6986301369863014","Foreign",183,"Catch Amistad","Longer than average in this category"
"121.6986301369863014","Foreign",132,"Chocolate Duck","Longer than average in this category"
"121.6986301369863014","Foreign",120,"Command Darling","Shorter than average in this category"
"121.6986301369863014","Foreign",146,"Cowboy Doom","Longer than average in this category"
"121.6986301369863014","Foreign",50,"Crossing Divorce","Shorter than average in this category"
"121.6986301369863014","Foreign",184,"Crystal Breaking","Longer than average in this category"
"121.6986301369863014","Foreign",176,"Cyclone Family","Longer than average in this category"
"121.6986301369863014","Foreign",121,"Dangerous Uptown","Shorter than average in this category"
"121.6986301369863014","Foreign",154,"Doubtfire Labyrinth","Longer than average in this category"
"121.6986301369863014","Foreign",163,"Everyone Craft","Longer than average in this category"
"121.6986301369863014","Foreign",72,"Fiction Christmas","Shorter than average in this category"
"121.6986301369863014","Foreign",73,"Frida Slipper","Shorter than average in this category"
"121.6986301369863014","Foreign",125,"Gentlemen Stage","Longer than average in this category"
"121.6986301369863014","Foreign",155,"Grapes Fury","Longer than average in this category"
"121.6986301369863014","Foreign",176,"Greek Everyone","Longer than average in this category"
"121.6986301369863014","Foreign",100,"Happiness United","Shorter than average in this category"
"121.6986301369863014","Foreign",75,"Hellfighters Sierra","Shorter than average in this category"
"121.6986301369863014","Foreign",110,"Highball Potter","Shorter than average in this category"
"121.6986301369863014","Foreign",78,"Holiday Games","Shorter than average in this category"
"121.6986301369863014","Foreign",176,"Hoosiers Birdcage","Longer than average in this category"
"121.6986301369863014","Foreign",181,"Hotel Happiness","Longer than average in this category"
"121.6986301369863014","Foreign",105,"Hunger Roof","Shorter than average in this category"
"121.6986301369863014","Foreign",122,"Illusion Amelie","Longer than average in this category"
"121.6986301369863014","Foreign",103,"Impossible Prejudice","Shorter than average in this category"
"121.6986301369863014","Foreign",74,"Informer Double","Shorter than average in this category"
"121.6986301369863014","Foreign",178,"Innocent Usual","Longer than average in this category"
"121.6986301369863014","Foreign",181,"Intrigue Worst","Longer than average in this category"
"121.6986301369863014","Foreign",59,"Jet Neighbors","Shorter than average in this category"
"121.6986301369863014","Foreign",92,"Kane Exorcist","Shorter than average in this category"
"121.6986301369863014","Foreign",163,"Kiss Glory","Longer than average in this category"
"121.6986301369863014","Foreign",137,"Lose Inch","Longer than average in this category"
"121.6986301369863014","Foreign",98,"Lost Bird","Shorter than average in this category"
"121.6986301369863014","Foreign",178,"Madness Attacks","Longer than average in this category"
"121.6986301369863014","Foreign",56,"Matrix Snowman","Shorter than average in this category"
"121.6986301369863014","Foreign",72,"Maude Mod","Shorter than average in this category"
"121.6986301369863014","Foreign",80,"Meet Chocolate","Shorter than average in this category"
"121.6986301369863014","Foreign",180,"Mixed Doors","Longer than average in this category"
"121.6986301369863014","Foreign",83,"Moon Bunch","Shorter than average in this category"
"121.6986301369863014","Foreign",157,"Mulholland Beast","Longer than average in this category"
"121.6986301369863014","Foreign",50,"Muppet Mile","Shorter than average in this category"
"121.6986301369863014","Foreign",75,"Newton Labyrinth","Shorter than average in this category"
"121.6986301369863014","Foreign",102,"Opus Ice","Shorter than average in this category"
"121.6986301369863014","Foreign",76,"Orange Grapes","Shorter than average in this category"
"121.6986301369863014","Foreign",157,"Past Suicides","Longer than average in this category"
"121.6986301369863014","Foreign",74,"Pearl Destiny","Shorter than average in this category"
"121.6986301369863014","Foreign",99,"Pet Haunting","Shorter than average in this category"
"121.6986301369863014","Foreign",137,"Pollock Deliverance","Longer than average in this category"
"121.6986301369863014","Foreign",88,"Purple Movie","Shorter than average in this category"
"121.6986301369863014","Foreign",61,"Reservoir Adaptation","Shorter than average in this category"
"121.6986301369863014","Foreign",178,"Rocketeer Mother","Longer than average in this category"
"121.6986301369863014","Foreign",151,"School Jacket","Longer than average in this category"
"121.6986301369863014","Foreign",147,"Scissorhands Slums","Longer than average in this category"
"121.6986301369863014","Foreign",79,"Shock Cabin","Shorter than average in this category"
"121.6986301369863014","Foreign",154,"Shrek License","Longer than average in this category"
"121.6986301369863014","Foreign",184,"Sorority Queen","Longer than average in this category"
"121.6986301369863014","Foreign",48,"Stepmom Dream","Shorter than average in this category"
"121.6986301369863014","Foreign",136,"Town Ark","Longer than average in this category"
"121.6986301369863014","Foreign",110,"Trap Guys","Shorter than average in this category"
"121.6986301369863014","Foreign",128,"Usual Untouchables","Longer than average in this category"
"121.6986301369863014","Foreign",59,"Vision Torque","Shorter than average in this category"
"121.6986301369863014","Foreign",80,"War Notting","Shorter than average in this category"
"121.6986301369863014","Foreign",161,"Wash Heavenly","Longer than average in this category"
"121.6986301369863014","Foreign",109,"Whale Bikini","Shorter than average in this category"
"121.6986301369863014","Foreign",126,"Wonderful Drop","Longer than average in this category"
"127.8360655737704918","Games",108,"Autumn Crow","Shorter than average in this category"
"127.8360655737704918","Games",61,"Bulworth Commandments","Shorter than average in this category"
"127.8360655737704918","Games",135,"Candles Grapes","Longer than average in this category"
"127.8360655737704918","Games",185,"Chicago North","Longer than average in this category"
"127.8360655737704918","Games",139,"Creatures Shakespeare","Longer than average in this category"
"127.8360655737704918","Games",133,"Curtain Videotape","Longer than average in this category"
"127.8360655737704918","Games",165,"Darling Breaking","Longer than average in this category"
"127.8360655737704918","Games",57,"Dawn Pond","Shorter than average in this category"
"127.8360655737704918","Games",120,"Dazed Punk","Shorter than average in this category"
"127.8360655737704918","Games",88,"Details Packer","Shorter than average in this category"
"127.8360655737704918","Games",147,"Dirty Ace","Longer than average in this category"
"127.8360655737704918","Games",100,"Divine Resurrection","Shorter than average in this category"
"127.8360655737704918","Games",101,"Dwarfs Alter","Shorter than average in this category"
"127.8360655737704918","Games",143,"Encino Elf","Longer than average in this category"
"127.8360655737704918","Games",131,"Fantasia Park","Longer than average in this category"
"127.8360655737704918","Games",104,"Feathers Metal","Shorter than average in this category"
"127.8360655737704918","Games",158,"Fever Empire","Longer than average in this category"
"127.8360655737704918","Games",173,"Fire Wolves","Longer than average in this category"
"127.8360655737704918","Games",90,"Forward Temple","Shorter than average in this category"
"127.8360655737704918","Games",176,"Gathering Calendar","Longer than average in this category"
"127.8360655737704918","Games",115,"Glory Tracy","Shorter than average in this category"
"127.8360655737704918","Games",150,"Grinch Massage","Longer than average in this category"
"127.8360655737704918","Games",137,"Grit Clockwork","Longer than average in this category"
"127.8360655737704918","Games",100,"Gun Bonnie","Shorter than average in this category"
"127.8360655737704918","Games",181,"Haunting Pianist","Longer than average in this category"
"127.8360655737704918","Games",69,"Head Stranger","Shorter than average in this category"
"127.8360655737704918","Games",68,"Human Graffiti","Shorter than average in this category"
"127.8360655737704918","Games",131,"Ice Crossing","Longer than average in this category"
"127.8360655737704918","Games",171,"Jericho Mulan","Longer than average in this category"
"127.8360655737704918","Games",113,"Ladybugs Armageddon","Shorter than average in this category"
"127.8360655737704918","Games",144,"Lambs Cincinatti","Longer than average in this category"
"127.8360655737704918","Games",98,"Madre Gables","Shorter than average in this category"
"127.8360655737704918","Games",127,"Maltese Hope","Shorter than average in this category"
"127.8360655737704918","Games",62,"Mars Roman","Shorter than average in this category"
"127.8360655737704918","Games",165,"Massacre Usual","Longer than average in this category"
"127.8360655737704918","Games",182,"Monsoon Cause","Longer than average in this category"
"127.8360655737704918","Games",171,"Moonshine Cabin","Longer than average in this category"
"127.8360655737704918","Games",184,"Moonwalker Fool","Longer than average in this category"
"127.8360655737704918","Games",178,"Name Detective","Longer than average in this category"
"127.8360655737704918","Games",149,"Nightmare Chill","Longer than average in this category"
"127.8360655737704918","Games",169,"Outbreak Divine","Longer than average in this category"
"127.8360655737704918","Games",93,"Panky Submarine","Shorter than average in this category"
"127.8360655737704918","Games",173,"Pizza Jumanji","Longer than average in this category"
"127.8360655737704918","Games",106,"Private Drop","Shorter than average in this category"
"127.8360655737704918","Games",155,"Psycho Shrunk","Longer than average in this category"
"127.8360655737704918","Games",101,"Roof Champion","Shorter than average in this category"
"127.8360655737704918","Games",118,"Rouge Squad","Shorter than average in this category"
"127.8360655737704918","Games",171,"Roxanne Rebel","Longer than average in this category"
"127.8360655737704918","Games",154,"Sassy Packer","Longer than average in this category"
"127.8360655737704918","Games",127,"Seven Swarm","Shorter than average in this category"
"127.8360655737704918","Games",87,"Sleuth Orient","Shorter than average in this category"
"127.8360655737704918","Games",112,"Spy Mile","Shorter than average in this category"
"127.8360655737704918","Games",75,"Stampede Disturbing","Shorter than average in this category"
"127.8360655737704918","Games",113,"State Wasteland","Shorter than average in this category"
"127.8360655737704918","Games",111,"Suit Walls","Shorter than average in this category"
"127.8360655737704918","Games",82,"Tycoon Gathering","Shorter than average in this category"
"127.8360655737704918","Games",122,"Vanilla Day","Shorter than average in this category"
"127.8360655737704918","Games",145,"Videotape Arsenic","Longer than average in this category"
"127.8360655737704918","Games",157,"Volcano Texas","Longer than average in this category"
"127.8360655737704918","Games",107,"Wanda Chamber","Shorter than average in this category"
"127.8360655737704918","Games",111,"Wind Phantom","Shorter than average in this category"
"112.4821428571428571","Horror",48,"Ace Goldfinger","Shorter than average in this category"
"112.4821428571428571","Horror",117,"Affair Prejudice","Longer than average in this category"
"112.4821428571428571","Horror",54,"Airport Pollock","Shorter than average in this category"
"112.4821428571428571","Horror",114,"Alabama Devil","Longer than average in this category"
"112.4821428571428571","Horror",150,"Ali Forever","Longer than average in this category"
"112.4821428571428571","Horror",181,"Analyze Hoosiers","Longer than average in this category"
"112.4821428571428571","Horror",82,"Anything Savannah","Shorter than average in this category"
"112.4821428571428571","Horror",62,"Arabia Dogma","Shorter than average in this category"
"112.4821428571428571","Horror",147,"Arachnophobia Rollercoaster","Longer than average in this category"
"112.4821428571428571","Horror",100,"Behavior Runaway","Shorter than average in this category"
"112.4821428571428571","Horror",72,"Bowfinger Gables","Shorter than average in this category"
"112.4821428571428571","Horror",114,"Carrie Bunch","Longer than average in this category"
"112.4821428571428571","Horror",59,"Commandments Express","Shorter than average in this category"
"112.4821428571428571","Horror",64,"Desert Poseidon","Shorter than average in this category"
"112.4821428571428571","Horror",96,"Drums Dynamite","Shorter than average in this category"
"112.4821428571428571","Horror",85,"Egypt Tenenbaums","Shorter than average in this category"
"112.4821428571428571","Horror",126,"Elephant Trojan","Longer than average in this category"
"112.4821428571428571","Horror",155,"Family Sweet","Longer than average in this category"
"112.4821428571428571","Horror",118,"Fidelity Devil","Longer than average in this category"
"112.4821428571428571","Horror",65,"Freddy Storm","Shorter than average in this category"
"112.4821428571428571","Horror",106,"Gaslight Crusade","Shorter than average in this category"
"112.4821428571428571","Horror",84,"High Encino","Shorter than average in this category"
"112.4821428571428571","Horror",135,"Japanese Run","Longer than average in this category"
"112.4821428571428571","Horror",120,"Karate Moon","Longer than average in this category"
"112.4821428571428571","Horror",169,"Kentuckian Giant","Longer than average in this category"
"112.4821428571428571","Horror",67,"Lady Stage","Shorter than average in this category"
"112.4821428571428571","Horror",85,"Lola Agent","Shorter than average in this category"
"112.4821428571428571","Horror",181,"Love Suicides","Longer than average in this category"
"112.4821428571428571","Horror",158,"Monterey Labyrinth","Longer than average in this category"
"112.4821428571428571","Horror",166,"Motions Details","Longer than average in this category"
"112.4821428571428571","Horror",102,"Panic Club","Shorter than average in this category"
"112.4821428571428571","Horror",121,"Paris Weekend","Longer than average in this category"
"112.4821428571428571","Horror",175,"Patton Interview","Longer than average in this category"
"112.4821428571428571","Horror",89,"Pulp Beverly","Shorter than average in this category"
"112.4821428571428571","Horror",136,"Reap Unfaithful","Longer than average in this category"
"112.4821428571428571","Horror",123,"Reef Salute","Longer than average in this category"
"112.4821428571428571","Horror",102,"Rock Instinct","Shorter than average in this category"
"112.4821428571428571","Horror",153,"Rollercoaster Bringing","Longer than average in this category"
"112.4821428571428571","Horror",153,"Rules Human","Longer than average in this category"
"112.4821428571428571","Horror",51,"Simon North","Shorter than average in this category"
"112.4821428571428571","Horror",126,"Sinners Atlantis","Longer than average in this category"
"112.4821428571428571","Horror",129,"Sleeping Suspects","Longer than average in this category"
"112.4821428571428571","Horror",149,"Spirit Flintstones","Longer than average in this category"
"112.4821428571428571","Horror",119,"Strangers Graffiti","Longer than average in this category"
"112.4821428571428571","Horror",73,"Streetcar Intentions","Shorter than average in this category"
"112.4821428571428571","Horror",123,"Swarm Gold","Longer than average in this category"
"112.4821428571428571","Horror",91,"Tarzan Videotape","Shorter than average in this category"
"112.4821428571428571","Horror",71,"Temple Attraction","Shorter than average in this category"
"112.4821428571428571","Horror",179,"Texas Watch","Longer than average in this category"
"112.4821428571428571","Horror",71,"Train Bunch","Shorter than average in this category"
"112.4821428571428571","Horror",102,"Treasure Command","Shorter than average in this category"
"112.4821428571428571","Horror",107,"Undefeated Dalmations","Shorter than average in this category"
"112.4821428571428571","Horror",112,"Watership Frontier","Shorter than average in this category"
"112.4821428571428571","Horror",171,"World Leathernecks","Longer than average in this category"
"112.4821428571428571","Horror",86,"Yentl Idaho","Shorter than average in this category"
"112.4821428571428571","Horror",105,"Zhivago Core","Shorter than average in this category"
"113.6470588235294118","Music",136,"Alaska Phantom","Longer than average in this category"
"113.6470588235294118","Music",82,"Alone Trip","Shorter than average in this category"
"113.6470588235294118","Music",79,"Amelie Hellfighters","Shorter than average in this category"
"113.6470588235294118","Music",75,"Balloon Homeward","Shorter than average in this category"
"113.6470588235294118","Music",113,"Banger Pinocchio","Shorter than average in this category"
"113.6470588235294118","Music",162,"Birch Antitrust","Longer than average in this category"
"113.6470588235294118","Music",103,"Birdcage Casper","Shorter than average in this category"
"113.6470588235294118","Music",121,"Boogie Amelie","Longer than average in this category"
"113.6470588235294118","Music",117,"Chamber Italian","Longer than average in this category"
"113.6470588235294118","Music",124,"Clones Pinocchio","Longer than average in this category"
"113.6470588235294118","Music",70,"Clue Grail","Shorter than average in this category"
"113.6470588235294118","Music",180,"Confidential Interview","Longer than average in this category"
"113.6470588235294118","Music",106,"Deer Virginian","Shorter than average in this category"
"113.6470588235294118","Music",139,"Dorado Notting","Longer than average in this category"
"113.6470588235294118","Music",175,"Driving Polish","Longer than average in this category"
"113.6470588235294118","Music",155,"Elf Murder","Longer than average in this category"
"113.6470588235294118","Music",77,"Enemy Odds","Shorter than average in this category"
"113.6470588235294118","Music",126,"Freaky Pocus","Longer than average in this category"
"113.6470588235294118","Music",54,"Go Purple","Shorter than average in this category"
"113.6470588235294118","Music",93,"Greatest North","Shorter than average in this category"
"113.6470588235294118","Music",49,"Grosse Wonderful","Shorter than average in this category"
"113.6470588235294118","Music",47,"Hanover Galaxy","Shorter than average in this category"
"113.6470588235294118","Music",49,"Heavenly Gun","Shorter than average in this category"
"113.6470588235294118","Music",185,"Home Pity","Longer than average in this category"
"113.6470588235294118","Music",180,"Impact Aladdin","Longer than average in this category"
"113.6470588235294118","Music",78,"Insider Arizona","Shorter than average in this category"
"113.6470588235294118","Music",118,"Jawbreaker Brooklyn","Longer than average in this category"
"113.6470588235294118","Music",59,"Legend Jedi","Shorter than average in this category"
"113.6470588235294118","Music",97,"Lucky Flying","Shorter than average in this category"
"113.6470588235294118","Music",151,"Masked Bubble","Longer than average in this category"
"113.6470588235294118","Music",59,"Minority Kiss","Shorter than average in this category"
"113.6470588235294118","Music",107,"Monster Spartacus","Shorter than average in this category"
"113.6470588235294118","Music",161,"Oleander Clue","Longer than average in this category"
"113.6470588235294118","Music",129,"Outfield Massacre","Longer than average in this category"
"113.6470588235294118","Music",118,"Personal Ladybugs","Longer than average in this category"
"113.6470588235294118","Music",73,"Rebel Airport","Shorter than average in this category"
"113.6470588235294118","Music",182,"Reds Pocus","Longer than average in this category"
"113.6470588235294118","Music",81,"Roman Punk","Shorter than average in this category"
"113.6470588235294118","Music",101,"Runner Madigan","Shorter than average in this category"
"113.6470588235294118","Music",183,"Scalawag Duck","Longer than average in this category"
"113.6470588235294118","Music",67,"Silence Kane","Shorter than average in this category"
"113.6470588235294118","Music",165,"Song Hedwig","Longer than average in this category"
"113.6470588235294118","Music",64,"Taxi Kick","Shorter than average in this category"
"113.6470588235294118","Music",148,"Telegraph Voyage","Longer than average in this category"
"113.6470588235294118","Music",88,"Terminator Club","Shorter than average in this category"
"113.6470588235294118","Music",172,"Uncut Suicides","Longer than average in this category"
"113.6470588235294118","Music",123,"Vanishing Rocky","Longer than average in this category"
"113.6470588235294118","Music",75,"Wizard Coldblooded","Shorter than average in this category"
"113.6470588235294118","Music",105,"Won Dares","Shorter than average in this category"
"113.6470588235294118","Music",116,"Words Hunter","Longer than average in this category"
"113.6470588235294118","Music",179,"Youth Kick","Longer than average in this category"
"111.1269841269841270","New",85,"Amistad Midsummer","Shorter than average in this category"
"111.1269841269841270","New",74,"Angels Life","Shorter than average in this category"
"111.1269841269841270","New",119,"Apocalypse Flamingos","Longer than average in this category"
"111.1269841269841270","New",83,"Attraction Newton","Shorter than average in this category"
"111.1269841269841270","New",61,"Birds Perdition","Shorter than average in this category"
"111.1269841269841270","New",63,"Boulevard Mob","Shorter than average in this category"
"111.1269841269841270","New",121,"Brannigan Sunrise","Longer than average in this category"
"111.1269841269841270","New",123,"Breakfast Goldfinger","Longer than average in this category"
"111.1269841269841270","New",169,"Breaking Home","Longer than average in this category"
"111.1269841269841270","New",67,"Butch Panther","Shorter than average in this category"
"111.1269841269841270","New",89,"Butterfly Chocolat","Shorter than average in this category"
"111.1269841269841270","New",146,"Chaplin License","Longer than average in this category"
"111.1269841269841270","New",61,"Chinatown Gladiator","Shorter than average in this category"
"111.1269841269841270","New",150,"Cleopatra Devil","Longer than average in this category"
"111.1269841269841270","New",139,"Clyde Theory","Longer than average in this category"
"111.1269841269841270","New",113,"Day Unfaithful","Longer than average in this category"
"111.1269841269841270","New",56,"Destiny Saturday","Shorter than average in this category"
"111.1269841269841270","New",133,"Dragonfly Strangers","Longer than average in this category"
"111.1269841269841270","New",140,"Eagles Panky","Longer than average in this category"
"111.1269841269841270","New",85,"Earth Vision","Shorter than average in this category"
"111.1269841269841270","New",85,"Ending Crowds","Shorter than average in this category"
"111.1269841269841270","New",66,"Eve Resurrection","Shorter than average in this category"
"111.1269841269841270","New",91,"Fatal Haunted","Shorter than average in this category"
"111.1269841269841270","New",80,"Flamingos Connecticut","Shorter than average in this category"
"111.1269841269841270","New",123,"Flash Wars","Longer than average in this category"
"111.1269841269841270","New",183,"Frontier Cabin","Longer than average in this category"
"111.1269841269841270","New",73,"Godfather Diary","Shorter than average in this category"
"111.1269841269841270","New",122,"Hours Rage","Longer than average in this category"
"111.1269841269841270","New",172,"Idaho Love","Longer than average in this category"
"111.1269841269841270","New",59,"Interview Liaisons","Shorter than average in this category"
"111.1269841269841270","New",58,"Jekyll Frogmen","Shorter than average in this category"
"111.1269841269841270","New",121,"Jumanji Blade","Longer than average in this category"
"111.1269841269841270","New",134,"Jungle Closer","Longer than average in this category"
"111.1269841269841270","New",162,"Loverboy Attacks","Longer than average in this category"
"111.1269841269841270","New",138,"Maiden Home","Longer than average in this category"
"111.1269841269841270","New",71,"Mannequin Worst","Shorter than average in this category"
"111.1269841269841270","New",123,"Mask Peach","Longer than average in this category"
"111.1269841269841270","New",166,"Mine Titans","Longer than average in this category"
"111.1269841269841270","New",135,"Money Harold","Longer than average in this category"
"111.1269841269841270","New",145,"Nuts Ties","Longer than average in this category"
"111.1269841269841270","New",58,"Oklahoma Jumanji","Shorter than average in this category"
"111.1269841269841270","New",60,"Phantom Glory","Shorter than average in this category"
"111.1269841269841270","New",136,"Pianist Outfield","Longer than average in this category"
"111.1269841269841270","New",132,"Platoon Instinct","Longer than average in this category"
"111.1269841269841270","New",84,"Pluto Oleander","Shorter than average in this category"
"111.1269841269841270","New",179,"Redemption Comforts","Longer than average in this category"
"111.1269841269841270","New",46,"Ridgemont Submarine","Shorter than average in this category"
"111.1269841269841270","New",145,"Run Pacific","Longer than average in this category"
"111.1269841269841270","New",181,"Runaway Tenenbaums","Longer than average in this category"
"111.1269841269841270","New",73,"Salute Apollo","Shorter than average in this category"
"111.1269841269841270","New",110,"Samurai Lion","Shorter than average in this category"
"111.1269841269841270","New",137,"Sleepy Japanese","Longer than average in this category"
"111.1269841269841270","New",93,"Sting Personal","Shorter than average in this category"
"111.1269841269841270","New",160,"Stock Glass","Longer than average in this category"
"111.1269841269841270","New",115,"Troopers Metal","Longer than average in this category"
"111.1269841269841270","New",62,"Unbreakable Karate","Shorter than average in this category"
"111.1269841269841270","New",126,"Vampire Whale","Longer than average in this category"
"111.1269841269841270","New",142,"Vanished Garden","Longer than average in this category"
"111.1269841269841270","New",85,"Varsity Trip","Shorter than average in this category"
"111.1269841269841270","New",139,"Voice Peach","Longer than average in this category"
"111.1269841269841270","New",73,"Wake Jaws","Shorter than average in this category"
"111.1269841269841270","New",181,"Wild Apollo","Longer than average in this category"
"111.1269841269841270","New",100,"Wyoming Storm","Shorter than average in this category"
"108.1967213114754098","Sci-Fi",86,"Annie Identity","Shorter than average in this category"
"108.1967213114754098","Sci-Fi",99,"Armageddon Lost","Shorter than average in this category"
"108.1967213114754098","Sci-Fi",113,"Attacks Hate","Longer than average in this category"
"108.1967213114754098","Sci-Fi",162,"Badman Dawn","Longer than average in this category"
"108.1967213114754098","Sci-Fi",65,"Barbarella Streetcar","Shorter than average in this category"
"108.1967213114754098","Sci-Fi",85,"Beverly Outlaw","Shorter than average in this category"
"108.1967213114754098","Sci-Fi",150,"Bingo Talented","Longer than average in this category"
"108.1967213114754098","Sci-Fi",103,"Blindness Gun","Shorter than average in this category"
"108.1967213114754098","Sci-Fi",61,"Camelot Vacation","Shorter than average in this category"
"108.1967213114754098","Sci-Fi",114,"Chainsaw Uptown","Longer than average in this category"
"108.1967213114754098","Sci-Fi",66,"Charade Duffel","Shorter than average in this category"
"108.1967213114754098","Sci-Fi",71,"Chariots Conspiracy","Shorter than average in this category"
"108.1967213114754098","Sci-Fi",87,"Cheaper Clyde","Shorter than average in this category"
"108.1967213114754098","Sci-Fi",143,"Cincinatti Whisperer","Longer than average in this category"
"108.1967213114754098","Sci-Fi",165,"Citizen Shrek","Longer than average in this category"
"108.1967213114754098","Sci-Fi",70,"Coldblooded Darling","Shorter than average in this category"
"108.1967213114754098","Sci-Fi",172,"Connecticut Tramp","Longer than average in this category"
"108.1967213114754098","Sci-Fi",112,"Crowds Telemark","Longer than average in this category"
"108.1967213114754098","Sci-Fi",84,"Daisy Menagerie","Shorter than average in this category"
"108.1967213114754098","Sci-Fi",94,"Disturbing Scarface","Shorter than average in this category"
"108.1967213114754098","Sci-Fi",68,"Divide Monster","Shorter than average in this category"
"108.1967213114754098","Sci-Fi",120,"Dolls Rage","Longer than average in this category"
"108.1967213114754098","Sci-Fi",51,"English Bulworth","Shorter than average in this category"
"108.1967213114754098","Sci-Fi",178,"Express Lonely","Longer than average in this category"
"108.1967213114754098","Sci-Fi",172,"Eyes Driving","Longer than average in this category"
"108.1967213114754098","Sci-Fi",75,"Fiddler Lost","Shorter than average in this category"
"108.1967213114754098","Sci-Fi",125,"Fish Opus","Longer than average in this category"
"108.1967213114754098","Sci-Fi",51,"Frisco Forrest","Shorter than average in this category"
"108.1967213114754098","Sci-Fi",80,"Garden Island","Shorter than average in this category"
"108.1967213114754098","Sci-Fi",153,"Goldmine Tycoon","Longer than average in this category"
"108.1967213114754098","Sci-Fi",56,"Goodfellas Salute","Shorter than average in this category"
"108.1967213114754098","Sci-Fi",117,"Graffiti Love","Longer than average in this category"
"108.1967213114754098","Sci-Fi",84,"Guys Falcon","Shorter than average in this category"
"108.1967213114754098","Sci-Fi",146,"Hamlet Wisdom","Longer than average in this category"
"108.1967213114754098","Sci-Fi",107,"Hanky October","Shorter than average in this category"
"108.1967213114754098","Sci-Fi",136,"Hollow Jeopardy","Longer than average in this category"
"108.1967213114754098","Sci-Fi",119,"Identity Lover","Longer than average in this category"
"108.1967213114754098","Sci-Fi",91,"License Weekend","Shorter than average in this category"
"108.1967213114754098","Sci-Fi",114,"Married Go","Longer than average in this category"
"108.1967213114754098","Sci-Fi",64,"Metropolis Coma","Shorter than average in this category"
"108.1967213114754098","Sci-Fi",146,"Mourning Purple","Longer than average in this category"
"108.1967213114754098","Sci-Fi",131,"Nemo Campus","Longer than average in this category"
"108.1967213114754098","Sci-Fi",83,"None Spiking","Shorter than average in this category"
"108.1967213114754098","Sci-Fi",131,"Open African","Longer than average in this category"
"108.1967213114754098","Sci-Fi",109,"Panther Reds","Longer than average in this category"
"108.1967213114754098","Sci-Fi",154,"Raging Airplane","Longer than average in this category"
"108.1967213114754098","Sci-Fi",73,"Random Go","Shorter than average in this category"
"108.1967213114754098","Sci-Fi",82,"Reign Gentlemen","Shorter than average in this category"
"108.1967213114754098","Sci-Fi",74,"Silverado Goldfinger","Shorter than average in this category"
"108.1967213114754098","Sci-Fi",185,"Soldiers Evolution","Longer than average in this category"
"108.1967213114754098","Sci-Fi",138,"Spirited Casualties","Longer than average in this category"
"108.1967213114754098","Sci-Fi",130,"Stallion Sundance","Longer than average in this category"
"108.1967213114754098","Sci-Fi",93,"Suicides Silence","Shorter than average in this category"
"108.1967213114754098","Sci-Fi",141,"Sun Confessions","Longer than average in this category"
"108.1967213114754098","Sci-Fi",91,"Titans Jerk","Shorter than average in this category"
"108.1967213114754098","Sci-Fi",52,"Trojan Tomorrow","Shorter than average in this category"
"108.1967213114754098","Sci-Fi",129,"Unforgiven Zoolander","Longer than average in this category"
"108.1967213114754098","Sci-Fi",145,"Vacation Boondock","Longer than average in this category"
"108.1967213114754098","Sci-Fi",134,"Weekend Personal","Longer than average in this category"
"108.1967213114754098","Sci-Fi",59,"Whisperer Giant","Shorter than average in this category"
"108.1967213114754098","Sci-Fi",111,"Wonderland Christmas","Longer than average in this category"
"128.2027027027027027","Sports",63,"Aladdin Calendar","Shorter than average in this category"
"128.2027027027027027","Sports",179,"Anonymous Human","Longer than average in this category"
"128.2027027027027027","Sports",170,"Artist Coldblooded","Longer than average in this category"
"128.2027027027027027","Sports",60,"Bubble Grosse","Shorter than average in this category"
"128.2027027027027027","Sports",75,"California Birds","Shorter than average in this category"
"128.2027027027027027","Sports",92,"Caribbean Liberty","Shorter than average in this category"
"128.2027027027027027","Sports",70,"Chance Resurrection","Shorter than average in this category"
"128.2027027027027027","Sports",87,"Congeniality Quest","Shorter than average in this category"
"128.2027027027027027","Sports",57,"Cranes Reservoir","Shorter than average in this category"
"128.2027027027027027","Sports",112,"Crusade Honey","Shorter than average in this category"
"128.2027027027027027","Sports",47,"Divorce Shining","Shorter than average in this category"
"128.2027027027027027","Sports",159,"Driver Annie","Longer than average in this category"
"128.2027027027027027","Sports",178,"Drop Waterfront","Longer than average in this category"
"128.2027027027027027","Sports",132,"Dude Blindness","Longer than average in this category"
"128.2027027027027027","Sports",154,"Durham Panky","Longer than average in this category"
"128.2027027027027027","Sports",152,"Elizabeth Shane","Longer than average in this category"
"128.2027027027027027","Sports",174,"Evolution Alter","Longer than average in this category"
"128.2027027027027027","Sports",167,"Exorcist Sting","Longer than average in this category"
"128.2027027027027027","Sports",100,"Flatliners Killer","Shorter than average in this category"
"128.2027027027027027","Sports",179,"Flight Lies","Longer than average in this category"
"128.2027027027027027","Sports",89,"Gleaming Jawbreaker","Shorter than average in this category"
"128.2027027027027027","Sports",140,"Graceland Dynamite","Longer than average in this category"
"128.2027027027027027","Sports",111,"Groove Fiction","Shorter than average in this category"
"128.2027027027027027","Sports",127,"Gunfighter Mussolini","Shorter than average in this category"
"128.2027027027027027","Sports",128,"Holes Brannigan","Shorter than average in this category"
"128.2027027027027027","Sports",84,"Honey Ties","Shorter than average in this category"
"128.2027027027027027","Sports",150,"Hysterical Grail","Longer than average in this category"
"128.2027027027027027","Sports",178,"Image Princess","Longer than average in this category"
"128.2027027027027027","Sports",116,"Instinct Airport","Shorter than average in this category"
"128.2027027027027027","Sports",174,"Jade Bunch","Longer than average in this category"
"128.2027027027027027","Sports",105,"Joon Northwest","Shorter than average in this category"
"128.2027027027027027","Sports",171,"Kramer Chocolate","Longer than average in this category"
"128.2027027027027027","Sports",167,"Lesson Cleopatra","Longer than average in this category"
"128.2027027027027027","Sports",138,"Liberty Magnificent","Longer than average in this category"
"128.2027027027027027","Sports",80,"Loser Hustler","Shorter than average in this category"
"128.2027027027027027","Sports",104,"Mermaid Insects","Shorter than average in this category"
"128.2027027027027027","Sports",64,"Mile Mulan","Shorter than average in this category"
"128.2027027027027027","Sports",57,"Mosquito Armageddon","Shorter than average in this category"
"128.2027027027027027","Sports",103,"Mother Oleander","Shorter than average in this category"
"128.2027027027027027","Sports",160,"Mummy Creatures","Longer than average in this category"
"128.2027027027027027","Sports",180,"Mussolini Spoilers","Longer than average in this category"
"128.2027027027027027","Sports",161,"Neighbors Charade","Longer than average in this category"
"128.2027027027027027","Sports",172,"Northwest Polish","Longer than average in this category"
"128.2027027027027027","Sports",64,"Novocaine Flight","Shorter than average in this category"
"128.2027027027027027","Sports",160,"Peach Innocent","Longer than average in this category"
"128.2027027027027027","Sports",80,"Peak Forever","Shorter than average in this category"
"128.2027027027027027","Sports",99,"Perdition Fargo","Shorter than average in this category"
"128.2027027027027027","Sports",137,"Philadelphia Wife","Longer than average in this category"
"128.2027027027027027","Sports",77,"Pickup Driving","Shorter than average in this category"
"128.2027027027027027","Sports",100,"Pirates Roxanne","Shorter than average in this category"
"128.2027027027027027","Sports",159,"Poseidon Forever","Longer than average in this category"
"128.2027027027027027","Sports",182,"Records Zorro","Longer than average in this category"
"128.2027027027027027","Sports",177,"Rider Caddyshack","Longer than average in this category"
"128.2027027027027027","Sports",149,"River Outlaw","Longer than average in this category"
"128.2027027027027027","Sports",162,"Roses Treasure","Longer than average in this category"
"128.2027027027027027","Sports",75,"Satisfaction Confidential","Shorter than average in this category"
"128.2027027027027027","Sports",150,"Saturday Lambs","Longer than average in this category"
"128.2027027027027027","Sports",112,"Seabiscuit Punk","Shorter than average in this category"
"128.2027027027027027","Sports",158,"Secretary Rouge","Longer than average in this category"
"128.2027027027027027","Sports",54,"Sense Greek","Shorter than average in this category"
"128.2027027027027027","Sports",60,"Shakespeare Saddle","Shorter than average in this category"
"128.2027027027027027","Sports",135,"Sierra Divide","Longer than average in this category"
"128.2027027027027027","Sports",156,"Slipper Fidelity","Longer than average in this category"
"128.2027027027027027","Sports",184,"Smoochy Control","Longer than average in this category"
"128.2027027027027027","Sports",136,"Squad Fish","Longer than average in this category"
"128.2027027027027027","Sports",181,"Star Operation","Longer than average in this category"
"128.2027027027027027","Sports",140,"Steers Armageddon","Longer than average in this category"
"128.2027027027027027","Sports",151,"Straight Hours","Longer than average in this category"
"128.2027027027027027","Sports",173,"Talented Homicide","Longer than average in this category"
"128.2027027027027027","Sports",172,"Tights Dawn","Longer than average in this category"
"128.2027027027027027","Sports",152,"Tourist Pelican","Longer than average in this category"
"128.2027027027027027","Sports",170,"Trading Pinocchio","Longer than average in this category"
"128.2027027027027027","Sports",152,"Tuxedo Mile","Longer than average in this category"
"128.2027027027027027","Sports",64,"Victory Academy","Shorter than average in this category"
"113.3157894736842105","Travel",137,"Arsenic Independence","Longer than average in this category"
"113.3157894736842105","Travel",90,"Basic Easy","Shorter than average in this category"
"113.3157894736842105","Travel",163,"Bird Independence","Longer than average in this category"
"113.3157894736842105","Travel",102,"Boiled Dares","Shorter than average in this category"
"113.3157894736842105","Travel",76,"Boondock Ballroom","Shorter than average in this category"
"113.3157894736842105","Travel",179,"Born Spinal","Longer than average in this category"
"113.3157894736842105","Travel",133,"Bucket Brotherhood","Longer than average in this category"
"113.3157894736842105","Travel",85,"Casablanca Super","Shorter than average in this category"
"113.3157894736842105","Travel",61,"Cassidy Wyoming","Shorter than average in this category"
"113.3157894736842105","Travel",109,"Coma Head","Shorter than average in this category"
"113.3157894736842105","Travel",76,"Comforts Rush","Shorter than average in this category"
"113.3157894736842105","Travel",166,"Contact Anonymous","Longer than average in this category"
"113.3157894736842105","Travel",81,"Desperate Trainspotting","Shorter than average in this category"
"113.3157894736842105","Travel",141,"Disciple Mother","Longer than average in this category"
"113.3157894736842105","Travel",110,"Drumline Cyclone","Shorter than average in this category"
"113.3157894736842105","Travel",158,"Enough Raging","Longer than average in this category"
"113.3157894736842105","Travel",167,"Escape Metropolis","Longer than average in this category"
"113.3157894736842105","Travel",138,"Expecations Natural","Longer than average in this category"
"113.3157894736842105","Travel",144,"Factory Dragon","Longer than average in this category"
"113.3157894736842105","Travel",77,"Fellowship Autumn","Shorter than average in this category"
"113.3157894736842105","Travel",111,"Frogmen Breaking","Shorter than average in this category"
"113.3157894736842105","Travel",83,"Fugitive Maguire","Shorter than average in this category"
"113.3157894736842105","Travel",119,"Games Bowfinger","Longer than average in this category"
"113.3157894736842105","Travel",53,"Gump Date","Shorter than average in this category"
"113.3157894736842105","Travel",76,"Haunted Antitrust","Shorter than average in this category"
"113.3157894736842105","Travel",139,"Horror Reign","Longer than average in this category"
"113.3157894736842105","Travel",160,"Igby Maker","Longer than average in this category"
"113.3157894736842105","Travel",174,"Italian African","Longer than average in this category"
"113.3157894736842105","Travel",179,"Kick Savannah","Longer than average in this category"
"113.3157894736842105","Travel",153,"Leathernecks Dwarfs","Longer than average in this category"
"113.3157894736842105","Travel",140,"Liaisons Sweet","Longer than average in this category"
"113.3157894736842105","Travel",120,"Lock Rear","Longer than average in this category"
"113.3157894736842105","Travel",116,"Madigan Dorado","Longer than average in this category"
"113.3157894736842105","Travel",79,"Moulin Wake","Shorter than average in this category"
"113.3157894736842105","Travel",185,"Muscle Bright","Longer than average in this category"
"113.3157894736842105","Travel",120,"Order Betrayed","Longer than average in this category"
"113.3157894736842105","Travel",118,"Others Soup","Longer than average in this category"
"113.3157894736842105","Travel",148,"Outlaw Hanky","Longer than average in this category"
"113.3157894736842105","Travel",128,"Papi Necklace","Longer than average in this category"
"113.3157894736842105","Travel",93,"Shane Darkness","Shorter than average in this category"
"113.3157894736842105","Travel",47,"Shanghai Tycoon","Shorter than average in this category"
"113.3157894736842105","Travel",80,"Shawshank Bubble","Shorter than average in this category"
"113.3157894736842105","Travel",125,"Shining Roses","Longer than average in this category"
"113.3157894736842105","Travel",60,"Smile Earring","Shorter than average in this category"
"113.3157894736842105","Travel",124,"Speed Suit","Longer than average in this category"
"113.3157894736842105","Travel",94,"Stone Fire","Shorter than average in this category"
"113.3157894736842105","Travel",114,"Superfly Trip","Longer than average in this category"
"113.3157894736842105","Travel",185,"Sweet Brotherhood","Longer than average in this category"
"113.3157894736842105","Travel",74,"Teen Apollo","Shorter than average in this category"
"113.3157894736842105","Travel",68,"Tomatoes Hellfighters","Shorter than average in this category"
"113.3157894736842105","Travel",139,"Traffic Hobbit","Longer than average in this category"
"113.3157894736842105","Travel",61,"Trouble Date","Shorter than average in this category"
"113.3157894736842105","Travel",48,"Valentine Vanishing","Shorter than average in this category"
"113.3157894736842105","Travel",85,"Window Side","Shorter than average in this category"
"113.3157894736842105","Travel",55,"Wolves Desire","Shorter than average in this category"
"113.3157894736842105","Travel",139,"Worker Tarzan","Longer than average in this category"
"113.3157894736842105","Travel",74,"Working Microcosmos","Shorter than average in this category"
